Class,Parameter Estimate,Standard Error
1,0.03193457023633881,0.007776931282399008
2,0.0010072807451185462,0.007051387629961588
3,-0.10682826007120332,0.019773013653847957
4,0.06458017608721388,0.006241167714028859
