Class,Parameter Estimate,Standard Error
1,0.011818825832151828,0.011689963361295444
2,-0.026463913368526687,0.011846624097147773
3,-0.05741096684737398,0.014959815505409325
4,0.01724219064419196,0.011211841797216408
