Class,Parameter Estimate,Standard Error
1,0.0667961313185662,0.007874297662571599
2,0.01825555162520328,0.007994928806840395
3,-0.034391702205868506,0.014917071943311665
4,0.0642407090922724,0.0066196626960511006
