Class,Parameter Estimate,Standard Error
1,0.007321321966147002,0.006413105341872446
2,-0.04998508076590456,0.008525826374936016
3,-0.0866547987362621,0.01060494088250946
4,0.04066917235635251,0.0046058091579737415
