Class,Parameter Estimate,Standard Error
1,0.01387052816804703,0.007768257584188433
2,-0.027539209124583654,0.008008737435252192
3,-0.05552787759703586,0.010237646322236229
4,0.04055317978344198,0.007366662430449403
