Class,Parameter Estimate,Standard Error
1,-0.023038162890861136,0.021217404095137365
2,-0.059832886821881995,0.0217023512551012
3,-0.06950795353684984,0.022982985303656438
4,-0.01550450648277957,0.020836636161840033
